"Symbol","Name","Market","Trades","Volume","Value","Open","Low","High","Avg.","Close","Ref. price","Var (%)"
"BENTO","2B Intelligent Soft","XRS1","26","5670","65350.7000","11.6000","11.3500","11.6000","11.5500","11.4500","11.6000","-1.29"
"2P","2PERFORMANT NETWORK","XRS1","7","6080","15768.8000","2.5500","2.5500","2.6100","2.5900","2.6100","2.6000","0.38"
"AAG","AAGES S.A.","REGS","7","2068","7445.0000","3.6000","3.6000","3.6200","3.6000","3.6000","3.6000","0"
"ABN","ABN Systems International","XRS1","5","1210","1419.9000","1.1500","1.1500","1.1900","1.1700","1.1900","1.1900","0"
"ADS","ADIDAS AG ","XRSI","5","15","13155.6000","877.2000","875.4000","878.9000","877.0000","878.9000","875.9000","0.34"
"EBADSTL14","ADIDAS TURBO LONG 0.10/143.5/148.5","RGSP","1","200","2900.0000","14.5000","14.5000","14.5000","14.5000","14.5000","14.3900","0.76"
"ADISS","ADISS","XRS1","20","66965","58519.4250","0.8400","0.8350","0.8850","0.8750","0.8800","0.8750","0.57"
"ARS","AEROSTAR S.A.","REGS","34","2140","20379.3000","9.5000","9.4000","9.7000","9.5000","9.6000","9.5000","1.05"
"AFH25","AFORTI HOLDING S.A. - Obligatiuni 2025","XRB","3","25","2585.8700","99.3800","99.3800","99.3800","99.3800","99.3800","99.4500","-0.07"
"AAB","AGROLAND AGRIBUSINESS","XRS1","4","102","442.5800","4.2400","4.2400","4.3400","4.3400","4.3400","4.3400","0"
"AAB26","AGROLAND AGRIBUSINESS - 2026","XRB","5","134","13463.6400","100.5400","100.5400","100.5500","100.5500","100.5500","100.5400","0.01"
"AG","AGROLAND BUSINESS SYSTEM","XRS1","28","19151","23097.4250","1.2300","1.2000","1.2300","1.2050","1.2200","1.2300","-0.81"
"AGR25","Agroland Business System Bonds 2025","XRB","2","37","3836.6400","100.0100","100.0100","100.9700","100.1900","100.9700","100.6500","0.32"
"MILK","AGROSERV MARIUTA","XRS1","3","875","5627.0000","6.4000","6.4000","6.4400","6.4400","6.4400","6.4400","0"
"ALR","ALRO S.A.","REGS","48","67877","101930.8000","1.5050","1.5000","1.5200","1.5000","1.5000","1.4950","0.33"
"ALT","ALTUR S.A.","REGS","12","424636","33957.6920","0.0795","0.0790","0.0815","0.0800","0.0815","0.0815","0"
"ALU","ALUMIL ROM INDUSTRY S.A.","REGS","19","2594","5735.5700","2.2100","2.2000","2.2300","2.2100","2.2200","2.1700","2.3"
"ATB","ANTIBIOTICE S.A.","REGS","679","1016906","1933504.4900","1.9950","1.8150","2.0100","1.9000","1.8900","1.9800","-4.55"
"AQ","AQUILA PART PROD COM","POF","58","100000000","96000000.0000","0.9600","0.9600","0.9600","0.9600","0.9600","1.0600","-9.43"
"AQ","AQUILA PART PROD COM","REGS","566","3622288","3691508.6700","1.0400","1.0000","1.0500","1.0200","1.0200","1.0600","-3.77"
"AST","ARCTIC STREAM","XRS1","16","2242","70370.0000","31.4000","31.0000","31.5000","31.4000","31.0000","31.4000","-1.27"
"UARG","ARGUS SA Constanta","XRS1","7","970","1988.8000","2.0600","2.0000","2.0600","2.0600","2.0000","2.0600","-2.91"
"ARM","ARMATURA S.A.","REGS","1","500","50.0000","0.1000","0.1000","0.1000","0.1000","0.1000","0.1000","0"
"ARAX","ARMAX GAZ SA Medias","XRS1","1","367","722.9900","1.9700","1.9700","1.9700","1.9700","1.9700","1.9800","-0.51"
"AROBS","AROBS TRANSILVANIA SOFTWARE","REGS","90","146035","133303.9550","0.9190","0.9050","0.9190","0.9130","0.9170","0.9170","0"
"ARTE","ARTEGO SA","REGS","2","70","1246.0000","17.8000","17.8000","17.8000","17.8000","17.8000","18.6000","-4.3"
"ASC","ASCENDIA SA","XRS1","24","4510","19939.7100","4.4700","4.4100","4.6000","4.4200","4.5900","4.6000","-0.22"
"ATRD","ATELIERELE CFR GRIVITA SA BUCURESTI","XRS1","1","1","49.0000","49.0000","49.0000","49.0000","49.0000","49.0000","47.6000","2.94"
"AVSL","AVICOLA SA SLOBOZIA","XRS1","1","5","58.5000","11.7000","11.7000","11.7000","11.7000","11.7000","11.8000","-0.85"
"AVIO","AVIOANE SA CRAIOVA","XRS1","4","430","900.7000","2.1000","2.0800","2.1000","2.1000","2.0800","2.2000","-5.45"
"EBTLVTL13","BANCA TRANSILVA. TURBO LONG 10/1.65/1.75","RGSP","3","30","748.5000","24.9500","24.9500","24.9500","24.9500","24.9500","25.2400","-1.15"
"EBTLVTL18","BANCA TRANSILVA. TURBO LONG 10/1.67/1.75","RGSP","1","60","940.8000","15.6800","15.6800","15.6800","15.6800","15.6800","17.0300","-7.93"
"TLV","BANCA TRANSILVANIA S.A.","REGS","1032","440333","10512158.2600","23.8800","23.7800","23.9400","23.8800","23.8000","23.8200","-0.08"
"EBTLVTL19","Banca Transilvania TURBO LONG 10/1.77/1.82","RGSP","4","1750","20129.5000","11.5400","11.5000","11.6400","11.5000","11.6400","11.5300","0.95"
"BAYN","BAYER AG.","XRSI","21","1562","250401.3200","160.6000","159.3600","162.2000","160.3000","162.2000","163.3000","-0.67"
"BRM","BERMAS S.A.","REGS","1","28","72.2400","2.5800","2.5800","2.5800","2.5800","2.5800","2.5800","0"
"BIO","BIOFARM S.A.","REGS","33","32272","28543.9260","0.8840","0.8820","0.8860","0.8840","0.8840","0.8860","-0.23"
"BNET26E","BITTNET SYSTEMS - 2026E","EORDB","1","2","1060.9400","105.8200","105.8200","105.8200","105.8200","105.8200","105.0200","0.76"
"BNET","BITTNET SYSTEMS SA BUCURESTI","REGS","12","26615","7235.6470","0.2710","0.2710","0.2750","0.2720","0.2750","0.2740","0.36"
"BNET27A","BITTNET SYSTEMS- Ob. 2027","ORDB","4","70","7566.2000","106.5100","106.5100","107.9900","107.1400","107.9900","108.4400","-0.41"
"EBBMWTL15","BMW TURBO LONG 0.10/74.4/78.4","RGSP","3","260","2908.4000","11.0800","11.0800","11.2900","11.1900","11.2900","10.4400","8.14"
"EBBMWTL16","BMW TURBO LONG 0.10/84.4/88.4","RGSP","7","7614","43471.0000","5.5600","5.5600","6.1000","5.7100","6.1000","5.0800","20.08"
"BONA","BONAS IMPORT EXPORT","XRS1","6","2430","3354.0000","1.4000","1.3800","1.4000","1.3800","1.3800","1.4300","-3.5"
"BRD","BRD - GROUPE SOCIETE GENERALE S.A.","REGS","446","84742","1479745.2200","17.3800","17.3200","17.5400","17.4600","17.3800","17.3800","0"
"BKGOGTL1","BRK Alphabet Turbo Long 80","RGSP","2","373","1284.7200","3.4400","3.4400","3.4800","3.4400","3.4800","3.5500","-1.97"
"BKSLVTL4","BRK Argint Turbo Long 16","RGSP","1","55","335.5000","6.1000","6.1000","6.1000","6.1000","6.1000","6.0900","0.16"
"BKAURTL16","BRK Aur Turbo Long 1600","RGSP","2","45","705.0000","15.5600","15.5600","15.7100","15.6700","15.7100","15.6200","0.58"
"BKAURTS9","BRK Aur Turbo Short 2080","RGSP","1","1","1.9600","1.9600","1.9600","1.9600","1.9600","1.9600","1.9600","0"
"BKCUPTL4","BRK Cupru Turbo Long 3","RGSP","1","137","606.9100","4.4300","4.4300","4.4300","4.4300","4.4300","4.4500","-0.45"
"BKCUPTS1","BRK Cupru Turbo Short 5.5","RGSP","1","200","310.0000","1.5500","1.5500","1.5500","1.5500","1.5500","1.5300","1.31"
"BKDOWTLD6","BRK Dow Turbo Long 24550","RGSP","2","1001","6366.3400","6.3400","6.3400","6.3600","6.3600","6.3600","6.2400","1.92"
"BKDOWTLA9","BRK Dow Turbo Long 27750","RGSP","2","1500","6000.0000","4.0000","4.0000","4.0000","4.0000","4.0000","3.9000","2.56"
"BKDOWTLB2","BRK Dow Turbo Long 28950","RGSP","2","15","520.9500","34.3900","34.3900","34.9000","34.7300","34.9000","33.8900","2.98"
"BKDOWTLE2","BRK Dow Turbo Long 29350","RGSP","1","100","366.0000","3.6600","3.6600","3.6600","3.6600","3.6600","3.6100","1.39"
"BKDOWTLE1","BRK Dow Turbo Long 30050","RGSP","6","5285","17830.0500","3.3600","3.3600","3.4000","3.3700","3.4000","3.2900","3.34"
"BKDOWTLD9","BRK Dow Turbo Long 30850","RGSP","13","3448","103480.3600","29.1600","29.1600","30.5000","30.0100","30.5000","28.9400","5.39"
"BKDOWTSC7","BRK Dow Turbo Short 37550","RGSP","267","276678","802088.7400","3.4800","2.3000","3.4800","2.9000","2.5600","3.7300","-31.37"
"BKDOWTSC9","BRK Dow Turbo Short 38050","RGSP","93","440414","243036.0300","0.6100","0.5000","0.6200","0.5500","0.5200","0.6600","-21.21"
"BKDOWTSC8","BRK Dow Turbo Short 38750","RGSP","40","7672","65999.4400","9.0300","8.0900","9.0300","8.6000","8.2300","9.5800","-14.09"
"BKDOWTSD2","BRK Dow Turbo Short 39250","RGSP","10","17879","20842.6200","1.2200","1.1200","1.2200","1.1700","1.1200","1.2700","-11.81"
"BKDOWTSD1","BRK Dow Turbo Short 39850","RGSP","7","4667","66993.1700","14.7600","13.7000","14.7600","14.3500","13.7000","15.1600","-9.63"
"BKTSLTL1","BRK Tesla Turbo Long 145","RGSP","11","3769","8733.3600","2.7000","2.2400","2.7000","2.3200","2.3200","2.3100","0.43"
"BKWTITL11","BRK WTI Turbo Long 58","RGSP","10","6349","18819.3200","2.9600","2.9500","3.0100","2.9600","3.0100","2.9100","3.44"
"BKWTITL25","BRK WTI Turbo Long 60","RGSP","5","456","867.2900","1.8500","1.8500","1.9200","1.9000","1.9200","1.8000","6.67"
"BKWTITL21","BRK WTI Turbo Long 65.5","RGSP","10","4150","29328.5000","6.9600","6.9600","7.2200","7.0700","7.2200","6.7300","7.28"
"BKWTITL24","BRK WTI Turbo Long 68","RGSP","8","3250","18057.4000","5.4400","5.4400","5.8500","5.5600","5.8500","5.1800","12.93"
"BKWTITL14","BRK WTI Turbo Long 71.5","RGSP","7","657","5786.9900","8.7200","8.7000","9.0600","8.8100","9.0000","8.4300","6.76"
"BKWTITS24","BRK WTI Turbo Short 112.5","RGSP","1","10","136.0000","13.6000","13.6000","13.6000","13.6000","13.6000","13.8200","-1.59"
"BKWTITS20","BRK WTI Turbo Short 130","RGSP","3","267","966.4600","3.6200","3.6000","3.6200","3.6200","3.6000","3.6800","-2.17"
"BIBU","BTT SA BUCURESTI","XRS1","1","1","2.2800","2.2800","2.2800","2.2800","2.2800","2.2800","2.3000","-0.87"
"BVB","BURSA DE VALORI BUCURESTI SA","REGS","89","3068","200109.0000","65.6000","64.2000","65.6000","65.2000","65.6000","65.6000","0"
"TEL","C.N.T.E.E. TRANSELECTRICA","REGS","77","15872","502656.9000","31.7000","31.4000","32.1000","31.7000","31.4000","31.7000","-0.95"
"RCONE24F1","Call Warrant on One United Properties SA","RGSP","1","800","16.0000","0.0200","0.0200","0.0200","0.0200","0.0200","0.0200","0"
"CBC","CARBOCHIM S.A.","REGS","2","3","445.0000","151.0000","147.0000","151.0000","148.0000","147.0000","153.0000","-3.92"
"ARMT","CAROMET SA CARANSEBES","XRS1","1","1","2.1000","2.1000","2.1000","2.1000","2.1000","2.1000","2.1000","0"
"CEON","CEMACON SA","REGS","4","1810","782.3500","0.4350","0.4300","0.4350","0.4320","0.4300","0.4200","2.38"
"CCOM","CEREALCOM SA ALEXANDRIA","XRS1","1","57","2.9355","0.0515","0.0515","0.0515","0.0515","0.0515","0.0515","0"
"CRC","CHIMCOMPLEX S.A. BORZESTI","REGS","9","395","7041.7000","17.8500","17.8000","17.8500","17.8500","17.8000","17.8500","-0.28"
"MALI","COMALIM SA ARAD","XRS1","1","25","475.0000","19.0000","19.0000","19.0000","19.0000","19.0000","19.0000","0"
"COMY","COMAT SA GIURGIU","XRS1","2","160","502.4000","3.1400","3.1400","3.1400","3.1400","3.1400","2.7800","12.95"
"CMF","COMELF S.A.","REGS","14","2122","13289.0000","6.5000","6.2000","6.6500","6.2500","6.6000","6.6500","-0.75"
"CBKN","COMMERZBANK AG","XRSI","5","335","17795.7400","53.2200","52.8200","53.6400","53.1200","53.6400","53.2200","0.79"
"CMP","COMPA S. A.","REGS","18","57335","42170.4520","0.7340","0.7320","0.7480","0.7360","0.7340","0.7500","-2.13"
"CMVX","COMVEX SA CONSTANTA","XRS1","6","117","12787.0000","111.0000","108.0000","112.0000","109.0000","112.0000","111.0000","0.9"
"COMI","CONDMAG S.A.","REGS","4","22300","99.9000","0.0045","0.0040","0.0045","0.0045","0.0045","0.0045","0"
"COEC","CONECT BUSINESS PARK SA BUCURESTI","XRS1","1","52","2080.0000","40.0000","40.0000","40.0000","40.0000","40.0000","45.0000","-11.11"
"CC","CONNECTIONS CONSULT S.A.","XRS1","12","2226","14208.2500","6.4000","6.3000","6.4500","6.4000","6.4500","6.4000","0.78"
"COTE","CONPET SA","REGS","82","2073","174703.2000","84.4000","83.8000","85.4000","84.2000","84.6000","85.2000","-0.7"
"ISSA26E","CRAMA LA SALINA - OB. 2026","EXRB","1","3","1509.5200","100.0000","100.0000","100.0000","100.0000","100.0000","100.0000","0"
"EBDAXTS73","DAX INDEX TURBO SHORT 0.01/ 19,300/18,800","RGSP","33","6973","301333.5000","47.3000","41.9000","47.3000","43.2000","42.6000","45.5000","-6.37"
"EBDAXTL85","DAX TURBO LONG 0.01/11,700/12,200","RGSP","2","2","480.7000","239.7000","239.7000","241.0000","240.4000","241.0000","235.1000","2.51"
"EBDAXTL87","DAX TURBO LONG 0.01/13,820/14,320","RGSP","4","159","21645.6000","133.9000","133.9000","138.4000","136.1000","138.4000","135.7000","1.99"
"EBDAXTS77","DAX TURBO SHORT 0.01/19,050/18,550","RGSP","14","843","79725.6000","96.9000","92.5000","96.9000","94.6000","93.9000","96.3000","-2.49"
"DBK","DEUTSCHE BANK AG","XRSI","2","9","542.6000","60.6000","59.9000","60.6000","60.2900","59.9000","59.6700","0.39"
"EBDBKTL28","DEUTSCHE BANK TURBO LONG 0.10/4.8/5.3","RGSP","1","2","6.9000","3.4500","3.4500","3.4500","3.4500","3.4500","3.4300","0.58"
"LHA","DEUTSCHE LUFTHANSA A.G.","XRSI","12","635","24344.5000","38.0600","38.0300","38.7800","38.3400","38.7800","38.9500","-0.44"
"DIGI","Digi Communications N.V.","REGS","107","6390","290542.8000","45.7000","45.3000","45.8000","45.5000","45.4000","45.8000","-0.87"
"DN","DN Agrar Group","XRS1","27","46253","63237.0850","1.3600","1.3500","1.3750","1.3650","1.3650","1.3600","0.37"
"DENT","Dr. Fischer Dental","XRS1","2","850","1479.0000","1.7400","1.7400","1.7400","1.7400","1.7400","1.7400","0"
"EBSPTL50","E-mini S&P 500 TURBO LONG 0.01/3,750/3,850","RGSP","1","2","93.7200","46.8600","46.8600","46.8600","46.8600","46.8600","46.8600","0"
"EBSPTS51","E-mini S&P 500 TURBO SHORT 0.01/ 5,100/ 5,000","RGSP","5","1122","11749.5600","10.9400","10.0000","10.9400","10.4800","10.0000","9.9400","0.6"
"EBSPTS49","E-mini S&P 500 TURBO SHORT 0.01/5,408/5,308","RGSP","7","543","11383.2400","21.9200","20.7800","21.9200","20.9600","21.6000","21.0400","2.66"
"EBGLD1","EB GOLD open end","RGSP","4","14","4189.6000","299.4000","299.2000","299.6000","299.2000","299.2000","297.4000","0.61"
"EBWTI1","EB WTI INDEX 0,10","RGSP","3","465","7304.5400","15.5800","15.5800","15.7200","15.7000","15.7000","15.6200","0.51"
"ELGS","ELECTROARGES SA","REGS","2","599","144.5520","0.2400","0.2400","0.2480","0.2420","0.2480","0.2400","3.33"
"ELMA","ELECTROMAGNETICA SA","REGS","2","12100","2541.0000","0.2100","0.2100","0.2100","0.2100","0.2100","0.2100","0"
"ELZY","ELECTROPRECIZIA SA Sacele","XRS1","4","80","1080.0000","13.5000","13.5000","13.5000","13.5000","13.5000","15.1000","-10.6"
"ELF26","ELEFANT ONLINE","XRB","10","128","8233.4100","64.9300","62.0000","64.9300","62.7200","62.0000","64.6000","-4.02"
"ELV","ELVILA S.A. BUCURESTI","XRS1","1","300","208.5000","0.6950","0.6950","0.6950","0.6950","0.6950","0.6950","0"
"EBS","Erste Group Bank AG","REGS","16","349","68828.7000","197.8500","196.3500","198.0000","197.2000","198.0000","197.8500","0.08"
"EBEBSTS51","ERSTE GROUP TURBO SHORT 0.10/50.50/50","RGSP","4","600","1440.0000","2.4700","2.3200","2.4700","2.4000","2.3200","2.3600","-1.69"
"EVER","EVERGENT INVESTMENTS S.A.","REGS","79","450044","550739.5100","1.2300","1.2050","1.2350","1.2250","1.2150","1.2350","-1.62"
"FACY","FABRICA DE SCULE RASNOV SA","XRS1","1","268","2666.6000","9.9500","9.9500","9.9500","9.9500","9.9500","9.8500","1.02"
"RMAH","FARMACEUTICA REMEDIA SA","REGS","15","8638","5829.1650","0.6800","0.6650","0.6800","0.6750","0.6750","0.6800","-0.74"
"TVBETETF","FONDUL DESCHIS DE INVESTITII ETF BET PATRIA-TRADEVILLE","REGS","515","37405","874395.9400","23.4050","23.2900","23.6800","23.3750","23.6800","23.2500","1.85"
"PTENGETF","FONDUL DESCHIS DE INVESTITII ETF ENERGIE PATRIA-TRADEVILLE","REGS","78","8513","52485.9680","6.1000","6.1000","6.2110","6.1650","6.1950","6.1430","0.85"
"XFOA","Fondul Oamenilor de Afaceri Bucuresti","XRS1","1","2000","1820.0000","0.9100","0.9100","0.9100","0.9100","0.9100","0.7050","29.08"
"FP","FONDUL PROPRIETATEA","REGS","253","926060","486552.1650","0.5270","0.5200","0.5280","0.5250","0.5240","0.5270","-0.57"
"FOJE","FORAJ SONDE SA VIDELE","XRS1","8","2022","28055.4000","14.0000","13.8000","14.0000","13.9000","13.9000","14.0000","-0.71"
"SEOM","GERMINA AGRIBUSINESS SA BUCURESTI","XRS1","26","8439","17354.7000","2.0000","2.0000","2.1000","2.0600","2.1000","1.9400","8.25"
"CAB","GOCAB SOFTWARE S.A.","XRS1","9","69001","2946.9050","0.0470","0.0400","0.0470","0.0425","0.0470","0.0480","-2.08"
"EBGLDTL32","GOLD FUTURE TURBO LONG 0.10/1,140/1,190","RGSP","1","10","1840.0000","184.0000","184.0000","184.0000","184.0000","184.0000","180.0000","2.22"
"RANT","GRANITUL SA BUCURESTI","XRS1","2","1001","5305.7500","5.3000","5.3000","5.7500","5.3000","5.7500","5.7500","0"
"GSH","Grup Serban Holding","XRS1","28","41609","67748.6500","1.5600","1.5600","1.6600","1.6300","1.6500","1.5600","5.77"
"ECT","GRUPUL INDUSTRIAL ELECTROCONTACT S.A.","REGS","2","40000","1920.0000","0.0480","0.0480","0.0480","0.0480","0.0480","0.0515","-6.8"
"EBH2OTL3","HIDROELECTRICA TURBO LONG 0.10/100/105","RGSP","20","8141","16564.0700","1.9600","1.9500","2.1000","2.0300","2.0600","1.9700","4.57"
"EBH2OTL1","HIDROELECTRICA TURBO LONG 0.10/80/85","RGSP","5","789","3146.4100","3.9900","3.9400","4.0000","3.9900","3.9400","3.8100","3.41"
"EBH2OTL2","HIDROELECTRICA TURBO LONG 0.10/90/95","RGSP","5","5680","16395.4000","2.8800","2.8800","2.9700","2.8900","2.9500","2.7400","7.66"
"HAI","Holde Agri Invest S.A. - Clasa A","XRS1","18","43235","43204.1760","1.0000","0.9980","1.0000","1.0000","0.9980","1.0000","-0.2"
"IARV","IAR SA Brasov","REGS","6","2930","41605.2500","14.2500","14.1000","14.6000","14.2000","14.4000","14.6000","-1.37"
"HUNT","IHUNT TECHNOLOGY IMPORT-EXPORT S.A.","XRS1","28","14383","8637.4940","0.6100","0.5840","0.6120","0.6000","0.6000","0.6120","-1.96"
"IMP26E","IMPACT DEVELOPER & CONTRACTOR 2026 EUR","EORDB","3","6","14103.7500","94.2000","93.1000","94.2000","93.8200","93.1000","93.0000","0.11"
"IMP","IMPACT DEVELOPER & CONTRACTOR S.A.","REGS","54","723421","180040.9270","0.2500","0.2470","0.2510","0.2490","0.2510","0.2490","0.8"
"INTA","INDEPENDENTA SA SIBIU","XRS1","6","90","1880.0000","20.8000","20.8000","21.0000","20.8000","21.0000","18.5000","13.51"
"INFINITY","INFINITY CAPITAL INVESTMENTS S.A.","REGS","58","504775","919269.9250","1.8400","1.8100","1.8600","1.8200","1.8200","1.8400","-1.09"
"IORB","IOR SA BUCURESTI","XRS1","1","190","52.8200","0.2780","0.2780","0.2780","0.2780","0.2780","0.2800","-0.71"
"IPRU","IPROEB SA Bistrita","XRS1","9","21871","20187.3200","0.9200","0.9200","0.9250","0.9250","0.9250","0.9200","0.54"
"IPRO","IPROLAM SA BUCURESTI","XRS1","6","970","878.3500","0.8650","0.8650","1.0000","0.9050","0.9500","0.9600","-1.04"
"CJC33E","JUDETUL CLUJ","EORDB","5","217","115373.1300","104.5000","104.0000","107.0000","106.0500","107.0000","104.5000","2.39"
"LIH25","Life Is Hard Bonds 2025","XRB","1","4","403.6900","99.9900","99.9900","99.9900","99.9900","99.9900","99.9900","0"
"LIH","LIFE IS HARD S.A.","XRS1","14","9922","21802.8000","2.1900","2.1700","2.2000","2.2000","2.1700","2.1900","-0.91"
"LION","LION CAPITAL S.A.","REGS","11","3184","8151.5600","2.5800","2.5400","2.5900","2.5600","2.5900","2.5900","0"
"EBLHATL1","LUFTHANSA TURBO LONG 0.10/4.8/5","RGSP","1","10000","12800.0000","1.2800","1.2800","1.2800","1.2800","1.2800","1.3300","-3.76"
"MACO","MACOFIL SA TG. JIU","XRS1","14","1313","23448.3000","18.0000","17.7000","18.0000","17.9000","17.7000","18.1000","-2.21"
"MAM","MAMBRICOLAJ S.A.","XRS1","3","790","1930.6000","2.4400","2.4400","2.5000","2.4400","2.5000","2.5000","0"
"MECF","MECANICA CEAHLAU","REGS","2","9586","1116.9760","0.1170","0.1160","0.1170","0.1170","0.1160","0.1240","-6.45"
"MECE","MECANICA FINA SA","REGS","3","90","2544.2000","28.0000","28.0000","29.0000","28.2000","29.0000","29.6000","-2.03"
"M","MedLife S.A.","REGS","127","50171","200278.7450","3.9700","3.9600","4.0200","3.9900","3.9800","3.9700","0.25"
"DAI","Mercedes Benz Group AG","XRSI","3","28","8539.0000","304.0000","303.0000","306.0000","304.9500","303.0000","300.5500","0.82"
"MET","META ESTATE TRUST","XRS1","53","230433","165356.2700","0.7450","0.6750","0.7600","0.7200","0.7550","0.7750","-2.58"
"MESA","METALUL MESA SA SALONTA","XRS1","3","4650","2159.0000","0.4680","0.4600","0.4680","0.4640","0.4600","0.3600","27.78"
"MIB","Millenium Insurance Broker (MIB) Broker de Asigurare-Reasigurare","XDS1","1","64772","971580.0000","15.0000","15.0000","15.0000","15.0000","15.0000","15.6000","-3.85"
"MIB","Millenium Insurance Broker (MIB) Broker de Asigurare-Reasigurare","XRS1","4","4954","75434.0000","15.6000","15.2000","15.6000","15.2000","15.5000","15.6000","-0.64"
"R2509A","MINISTERUL FINANTELOR","REGT","20","11046","1159621.3600","102.5000","101.9100","102.5000","102.1211","102.2000","102.0000","0.2"
"R2512A","MINISTERUL FINANTELOR","REGT","7","444","46008.3000","102.7000","102.7000","102.9999","102.7723","102.8000","102.7000","0.1"
"R2403A","MINISTERUL FINANTELOR","REGT","11","1526","155767.8800","99.4310","99.3505","99.6500","99.4262","99.6500","99.4310","0.22"
"R2404B","MINISTERUL FINANTELOR","REGT","1","2","212.8000","100.2610","100.2610","100.2610","100.2610","100.2610","100.2603","0"
"R2404BE","MINISTERUL FINANTELOR","EREGT","6","266","136579.1000","100.1997","100.1997","100.3000","100.2255","100.3000","100.0000","0.3"
"R2408AE","MINISTERUL FINANTELOR","EREGT","7","126","63864.6100","99.7551","99.7551","100.0000","99.9502","100.0000","100.0000","0"
"R2408C","MINISTERUL FINANTELOR","REGT","5","100","10308.9800","99.9812","99.9500","99.9812","99.9705","99.9500","100.0000","-0.05"
"R2409AE","MINISTERUL FINANTELOR","EREGT","2","92","45943.8800","99.4000","99.4000","99.4000","99.4000","99.4000","99.4900","-0.09"
"R2410C","MINISTERUL FINANTELOR","REGT","1","3","305.9400","100.0000","100.0000","100.0000","100.0000","100.0000","99.9711","0.03"
"R2412AE","MINISTERUL FINANTELOR","EREGT","5","82","40852.7700","100.0000","99.6300","100.2000","99.7213","100.2000","99.8100","0.39"
"R2412B","MINISTERUL FINANTELOR","REGT","1","78","7959.9000","101.2500","101.2500","101.2500","101.2500","101.2500","100.8100","0.44"
"R2506A","MINISTERUL FINANTELOR","REGT","11","466","50499.4000","103.4998","103.4998","103.9800","103.6783","103.9800","103.9450","0.03"
"R2603AE","MINISTERUL FINANTELOR","EREGT","2","419","196255.4100","92.8000","92.8000","92.8000","92.8000","92.8000","92.8000","0"
"R2604A","MINISTERUL FINANTELOR","REGT","10","998","107617.5100","101.9499","101.9497","102.0000","101.9731","101.9800","101.4700","0.5"
"R2608A","MINISTERUL FINANTELOR","REGT","24","1448","151743.9700","101.1800","100.5502","101.4800","101.2352","100.9003","101.1899","-0.29"
"R2610A","MINISTERUL FINANTELOR","REGT","19","4395","452639.2500","100.7110","100.7000","100.8699","100.7396","100.8500","100.6150","0.23"
"R2610AE","MINISTERUL FINANTELOR","EREGT","3","48","22161.6100","92.2600","92.2600","92.2900","92.2660","92.2900","92.2000","0.1"
"R2612A","MINISTERUL FINANTELOR","REGT","20","2346","239561.4600","101.3500","101.2500","101.3500","101.3049","101.2500","101.3510","-0.1"
"R2804AE","MINISTERUL FINANTELOR","EREGT","21","439","233194.5500","102.1000","101.7305","102.3100","102.1105","101.7305","102.1000","-0.36"
"R2808AE","MINISTERUL FINANTELOR","EREGT","17","451","231844.2300","100.5200","100.5200","100.9899","100.5995","100.9899","100.5100","0.48"
"R2810AE","MINISTERUL FINANTELOR","EREGT","12","142","72158.1500","100.4200","100.4100","100.4800","100.4312","100.4800","100.4300","0.05"
"R2812AE","MINISTERUL FINANTELOR","EREGT","9","264","133803.8900","101.2000","101.2000","101.3000","101.2246","101.2500","101.3000","-0.05"
"R2508AE","MINISTERUL FINANTELOR PUBLICE","EREGT","4","79","37957.5700","95.8000","95.6005","95.8000","95.6192","95.6005","95.6200","-0.02"
"R2408A","MINISTERUL FINANTELOR PUBLICE","REGT","11","872","88233.3000","99.0010","99.0000","99.1000","99.0850","99.1000","99.2999","-0.2"
"R2512AE","MINISTERUL FINANTELOR PUBLICE","EREGT","4","43","20278.9600","94.5000","94.4001","94.5000","94.4768","94.4001","94.5000","-0.11"
"MOIB","MOARA CIBIN SA SIBIU","XRS1","1","337","232.5300","0.6900","0.6900","0.6900","0.6900","0.6900","0.6950","-0.72"
"NRF","NOROFERT S.A.","XRS1","30","11246","48014.5700","4.3000","4.2600","4.3600","4.2700","4.3600","4.3700","-0.23"
"HUNT25","Oblig iHunt Technology 2025","XRB","4","137","13695.3300","99.9400","99.9400","99.9500","99.9400","99.9400","99.9000","0.04"
"NRF25","Obligatiuni Norofert 2025","XRB","3","133","13294.4900","99.9000","99.4000","99.9000","99.8900","99.4000","99.9000","-0.5"
"REO26","Obligatiuni RESTART ENERGY ONE","XRB","8","65","6495.9400","100.1500","100.1500","100.2500","100.1800","100.2500","99.8600","0.39"
"OCIFN26E","OCEAN CREDIT IFN","EXRB","9","90","39936.9600","89.0000","89.0000","89.0000","89.0000","89.0000","91.7000","-2.94"
"OIL","OIL TERMINAL S.A.","REGS","48","336543","43502.4235","0.1300","0.1285","0.1300","0.1295","0.1300","0.1300","0"
"OMRO26","OMRO IFN 2026","XRB","13","386","37570.3200","97.0000","97.0000","97.7000","97.3800","97.0100","97.0000","0.01"
"SNP","OMV PETROM S.A.","REGS","797","9214221","5188017.3755","0.5600","0.5595","0.5705","0.5630","0.5600","0.5590","0.18"
"EBSNPTL12","OMV PETROM TURBO LONG 10/0.27/0.29","RGSP","1","171","836.1900","4.8900","4.8900","4.8900","4.8900","4.8900","5.1900","-5.78"
"EBSNPTL15","OMV Petrom TURBO LONG 10/0.33/0.35","RGSP","1","150","408.0000","2.7200","2.7200","2.7200","2.7200","2.7200","2.9200","-6.85"
"EBSNPTL14","OMV Petrom TURBO LONG 10/0.35/0.37","RGSP","1","130","494.0000","3.8000","3.8000","3.8000","3.8000","3.8000","3.8100","-0.26"
"EBSNPTL16","OMV PETROM TURBO LONG 10/0.4/0.42","RGSP","1","400","852.0000","2.1300","2.1300","2.1300","2.1300","2.1300","2.0400","4.41"
"ONE","ONE UNITED PROPERTIES","REGS","81","197535","196245.8890","0.9950","0.9870","1.0000","0.9940","0.9980","0.9950","0.3"
"PBK28E","Patria Bank Obligatiuni 2028 EUR","EORDB","1","2","5000.5900","98.4000","98.4000","98.4000","98.4000","98.4000","98.1400","0.26"
"PBK","PATRIA BANK S.A.","REGS","31","1538592","130693.8440","0.0840","0.0840","0.0850","0.0850","0.0850","0.0840","1.19"
"PVBS","PERSEUS FINTECH SA","XRS1","13","2832","7067.9200","2.6000","2.3200","2.6800","2.5000","2.6600","2.6400","0.76"
"PREB","PREBET SA AIUD","REGS","3","614","1498.6400","2.4600","2.4400","2.4600","2.4400","2.4600","2.4400","0.82"
"PRF26E","Prefera Foods","EXRB","1","2","4560.6600","91.5000","91.5000","91.5000","91.5000","91.5000","91.1000","0.44"
"ALB25","Primaria Alba Iulia","ORDB","1","33","281.9900","102.0000","102.0000","102.0000","102.0000","102.0000","102.3900","-0.38"
"PPL","PROMATERIS S.A.","REGS","3","52","483.6000","9.3000","9.3000","9.3000","9.3000","9.3000","9.3000","0"
"PRSN","PROSPECTIUNI SA BUCURESTI","XRS1","77","509775","117162.2500","0.2280","0.2240","0.2390","0.2300","0.2320","0.2240","3.57"
"WINE","PURCARI WINERIES PUBLIC COMPANY LIMITED","REGS","91","7533","112984.6600","14.8000","14.8000","15.1000","15.0000","15.0800","14.8400","1.62"
"RCSPX","RCB S&P500","RGSP","2","5","1120.4100","224.1100","224.0400","224.1100","224.0800","224.0400","222.7700","0.57"
"RELE","RELEE SA MEDIAS","XRS1","1","168","2116.8000","12.6000","12.6000","12.6000","12.6000","12.6000","12.6000","0"
"REVA","REVA SA SIMERIA","XRS1","1","3","29.2800","9.7600","9.7600","9.7600","9.7600","9.7600","9.7400","0.21"
"ROC1","ROCA INDUSTRY HOLDINGROCK1 S.A.","XRS1","17","1349","11918.4600","9.1400","8.6600","9.1400","8.8400","8.6600","8.9000","-2.7"
"MCAB","ROMCAB SA","REGS","1","83","6.8060","0.0820","0.0820","0.0820","0.0820","0.0820","0.0820","0"
"ROCE","ROMCARBON SA","REGS","32","311927","62556.1960","0.2010","0.2000","0.2040","0.2010","0.2030","0.2040","-0.49"
"EBSNGTL12","ROMGAZ TURBO LONG 10/33/35","RGSP","2","15","2537.2500","169.1500","169.1500","169.1500","169.1500","169.1500","172.8000","-2.11"
"BRNA","ROMNAV SA BRAILA","XRS1","3","50","4025.0000","78.5000","78.5000","81.0000","80.5000","81.0000","78.5000","3.18"
"RRC","ROMPETROL RAFINARE S.A.","REGS","6","18829","1552.9980","0.0830","0.0810","0.0830","0.0825","0.0825","0.0830","-0.6"
"PTR","ROMPETROL WELL SERVICES S.A.","REGS","17","39782","25668.2360","0.6320","0.6320","0.6480","0.6460","0.6460","0.6360","1.57"
"RPH","ROPHARMA SA","REGS","16","101433","20186.6300","0.1990","0.1990","0.2100","0.1990","0.2100","0.2100","0"
"SNN","S.N. NUCLEARELECTRICA S.A.","REGS","581","36624","1794332.1000","48.6500","48.6000","49.4500","49.0000","48.9500","48.6000","0.72"
"SNG","S.N.G.N. ROMGAZ S.A.","REGS","385","49136","2476616.3000","50.6000","50.0000","51.0000","50.4000","50.0000","50.8000","-1.57"
"TGN","S.N.T.G.N. TRANSGAZ S.A.","REGS","129","17671","338335.6600","19.1600","19.1000","19.1800","19.1400","19.1600","19.1600","0"
"H2O","S.P.E.E.H. HIDROELECTRICA S.A.","REGS","1650","128755","15681969.3000","120.9000","120.8000","123.4000","121.8000","121.0000","120.5000","0.41"
"SAFE","SAFETECH INNOVATIONS","REGS","124","129645","333823.6500","2.5000","2.5000","2.6200","2.5700","2.6200","2.5500","2.75"
"STNM","SANTIERUL NAVAL 2 MAI SA MANGALIA","XRS1","2","26","127.1000","4.8800","4.8800","4.9000","4.8800","4.9000","4.8600","0.82"
"SNC","SANTIERUL NAVAL CONSTANTA S.A.","XRS1","1","244","512.4000","2.1000","2.1000","2.1000","2.1000","2.1000","2.1400","-1.87"
"SNO","SANTIERUL NAVAL ORSOVA S.A.","REGS","9","7735","43487.8500","5.6000","5.6000","5.9000","5.6000","5.7500","5.8000","-0.86"
"SEOL","SEMROM OLTENIA SA CRAIOVA","XRS1","1","83","157.7000","1.9000","1.9000","1.9000","1.9000","1.9000","1.9000","0"
"SEVE","SEVERNAV SA DR. TR. SEVERIN","XRS1","7","2000","7045.9600","3.6600","3.5000","3.6600","3.5200","3.5000","3.9200","-10.71"
"SIE","SIEMENS AG ","XRSI","1","4","3308.8000","827.2000","827.2000","827.2000","827.2000","827.2000","836.3000","-1.09"
"CAOR","SIF HOTELURI SA","REGS","10","1964","3735.9500","1.9000","1.8500","1.9900","1.9000","1.9900","2.0800","-4.33"
"SIF4","SIF MUNTENIA S.A.","REGS","11","2099","3164.8600","1.5050","1.5050","1.5300","1.5100","1.5300","1.5250","0.33"
"CACU","SIFI CJ LOGISTIC SA","XRS1","3","23","671.0000","27.2000","27.2000","31.0000","29.2000","31.0000","32.0000","-3.13"
"NTEX","SIFI CJ STORAGE SA","XRS1","3","20","1220.5000","57.0000","57.0000","61.5000","61.0000","61.0000","61.5000","-0.81"
"EBSLVTL44","SILVER Future TURBO LONG 1.00/ 19 /19.5","RGSP","1","4","55.9600","13.9900","13.9900","13.9900","13.9900","13.9900","13.8900","0.72"
"EBSLVTS33","Silver TURBO SHORT 1.0/29.10/28.60","RGSP","2","12","336.1000","28.0700","27.7000","28.0700","28.0100","27.7000","30.7100","-9.8"
"SMTL","SIMTEL TEAM","XRS1","48","2655","143378.6000","53.6000","53.6000","54.4000","54.0000","54.4000","53.0000","2.64"
"SPX","SIPEX COMPANY","XRS1","11","21635","6706.8500","0.3100","0.3100","0.3100","0.3100","0.3100","0.3100","0"
"SOCP","SOCEP S.A.","REGS","49","43583","108010.1400","2.5200","2.4000","2.5800","2.4800","2.5000","2.5200","-0.79"
"EL","SOCIETATEA ENERGETICA ELECTRICA S.A.","REGS","185","89346","980633.5800","10.9000","10.8600","11.1400","10.9800","10.8600","10.9600","-0.91"
"CODE","Softbinator Technologies","XRS1","34","23086","52187.0000","2.3600","2.0200","2.3600","2.2600","2.2200","2.3800","-6.72"
"SFG","Sphera Franchise Group","REGS","73","6510","166469.4000","26.3000","25.4000","26.3000","25.6000","25.7000","26.0000","-1.15"
"BRK26","SSIF BRK FINANCIAL GROUP - Ob. 2026","ORDB","5","474","46695.8700","97.1000","97.0000","97.1000","97.0400","97.0000","97.1000","-0.1"
"BRK","SSIF BRK FINANCIAL GROUP SA","REGS","94","2176816","311858.2505","0.1400","0.1400","0.1480","0.1435","0.1465","0.1360","7.72"
"SBET24","Stanleybet Capital","XRB","1","5","500.9900","100.5000","100.5000","100.5000","100.5000","100.5000","100.5000","0"
"REIT","Star Residence Invest","XRS1","6","15629","2165.0250","0.1420","0.1380","0.1420","0.1390","0.1410","0.1390","1.44"
"STK","STK EMERGENT","REGS","5","533","34481.5000","64.5000","61.5000","65.5000","64.5000","65.0000","65.0000","0"
"TEI26E","Teilor Holding S.A. - obligatiuni 26E","EXRB","1","1","497.1000","98.9800","98.9800","98.9800","98.9800","98.9800","99.0000","-0.02"
"TRP","TERAPLAST SA","REGS","120","293503","166675.9470","0.5620","0.5600","0.5730","0.5680","0.5720","0.5640","1.42"
"TBK","TRANSILVANIA BROKER DE ASIGURARE","REGS","19","813","17370.5000","21.5000","21.2000","21.6000","21.4000","21.5000","21.3000","0.94"
"TRANSI","TRANSILVANIA INVESTMENTS ALLIANCE S.A.","REGS","38","356455","112664.0010","0.3160","0.3130","0.3180","0.3160","0.3170","0.3160","0.32"
"TSLA","TRANSILVANIA LEASING SI CREDIT IFN SA BRASOV","XRS1","1","1000","65.5000","0.0655","0.0655","0.0655","0.0655","0.0655","0.0640","2.34"
"TTS","TTS (TRANSPORT TRADE SERVICES)","REGS","160","29311","850008.8000","29.0000","28.8000","29.2000","29.0000","29.2000","28.8000","1.39"
"RBAQTL2","Turbo Certificates on Aquila Part Prod","RGSP","3","27500","10900.0000","0.4000","0.3800","0.4000","0.4000","0.4000","0.4600","-13.04"
"RBBRETL2","Turbo Certificates on Brent Crude Oil Future","RGSP","2","600","5865.0000","9.7700","9.7700","9.8000","9.7800","9.8000","8.9500","9.5"
"RBTTSTL1","Turbo Certificates on S.C. Transport Trade","RGSP","6","590","9983.6000","16.9700","16.8700","17.0700","16.9200","17.0700","16.6800","2.34"
"RBSNGTL4","Turbo Certificates on Societatea Nationala","RGSP","3","185","2694.5000","14.6000","14.5000","14.9000","14.5600","14.5000","14.8300","-2.23"
"RCEVERTL3","Turbo Long on Evergent Investments SA","RGSP","11","40000","112400.0000","2.9700","2.7700","2.9700","2.8100","2.7700","3.1300","-11.5"
"TBM","TURBOMECANICA S.A.","REGS","22","87713","28395.9850","0.3230","0.3220","0.3240","0.3240","0.3240","0.3250","-0.31"
"TUFE","TURISM FELIX S.A.","REGS","3","1280","371.9200","0.2940","0.2900","0.2940","0.2900","0.2900","0.2960","-2.03"
"EFO","TURISM, HOTELURI, RESTAURANTE MAREA NEAGRA S.A.","REGS","2","2763","1116.2520","0.4040","0.4040","0.4040","0.4040","0.4040","0.4040","0"
"TSND","TUSNAD SA BAILE TUSNAD","XRS1","1","3000","174.0000","0.0580","0.0580","0.0580","0.0580","0.0580","0.0545","6.42"
"UAM","UAMT S.A.","REGS","1","253","139.1500","0.5500","0.5500","0.5500","0.5500","0.5500","0.5500","0"
"UCM","UCM RESITA S.A.","REGS","17","5490","4062.6000","0.7400","0.7400","0.7400","0.7400","0.7400","0.8700","-14.94"
"SCDM","UNIREA SHOPPING CENTER SA Bucuresti","XRS1","1","46","2944.0000","64.0000","64.0000","64.0000","64.0000","64.0000","65.0000","-1.54"
"UNISEM","UNISEM SA BUCURESTI","XRS1","1","5000","1700.0000","0.3400","0.3400","0.3400","0.3400","0.3400","0.3780","-10.05"
"BIOW","VIFRANA","XRS1","1","600","97.8000","0.1630","0.1630","0.1630","0.1630","0.1630","0.1630","0"
"ALW","VISUAL FAN","XRS1","6","831","10631.8000","12.8000","12.5500","12.8000","12.8000","12.7500","12.8000","-0.39"
"VIV25E","Vivre Deco - Bonds EUR 2025","EXRB","1","2","79.9700","7.3000","7.3000","7.3000","7.3000","7.3000","7.3400","-0.54"
"EBVWTL11","VOLKSWAGEN VZ TURBO LONG 0.10/98/103","RGSP","6","1615","33370.8000","20.6500","20.3600","21.0400","20.6600","21.0400","20.6800","1.74"
"VNC","VRANCART SA","REGS","27","245687","43235.1440","0.1780","0.1740","0.1790","0.1760","0.1790","0.1780","0.56"
"EBWTITL76","WTI LIGHT SWEET TURBO LONG 1.00/ 64.75/ 67.75","RGSP","1","25","1476.0000","59.0400","59.0400","59.0400","59.0400","59.0400","57.0000","3.58"
"EBWTITS53","WTI Light Sweet TURBO SHORT 1.0/134.89/129.85","RGSP","1","10","1999.6000","199.9600","199.9600","199.9600","199.9600","199.9600","211.4400","-5.43"
"SCD","ZENTIVA S.A.","REGS","2","52","150.8000","2.9000","2.9000","2.9000","2.9000","2.9000","2.8400","2.11"
